,ref,variant,ISM
chr7:143972617 A/C,0.35229865,0.35752022,0.0052215755
chr7:143973707 G/C,0.35229865,0.32155228,-0.03074637
chr7:143983627 C/T,0.35229865,0.35413417,0.001835525
chr7:143993264 T/G,0.35229865,0.34707627,-0.00522238
chr7:143993656 C/G,0.35229865,0.36723983,0.014941186
chr7:143993955 C/T,0.35229865,0.34990534,-0.0023933053
chr7:143994334 C/T,0.35229865,0.3516906,-0.0006080568
chr7:144010306 G/T,0.35229865,0.35186902,-0.00042963028
chr7:144010490 G/T,0.35229865,0.3526752,0.00037655234
chr7:144010569 A/G,0.35229865,0.34934065,-0.0029579997
chr7:144015437 C/T,0.35229865,0.35801214,0.0057134926
chr7:144015658 C/T,0.35229865,0.3707474,0.01844874
chr7:144015687 C/T,0.35229865,0.34797633,-0.00432232
