,ref,variant,ISM
chr9:44387495 C/T,6.0356693,6.0491366,0.013467312
chr9:44387499 C/T,6.0356693,6.05682,0.021150589
chr9:44392395 A/G,6.0356693,5.9585204,-0.077148914
chr9:44393010 G/C,6.0356693,6.1249237,0.08925438
chr9:44393028 G/C,6.0356693,5.9386725,-0.096996784
chr9:44393067 G/A,6.0356693,5.9750237,-0.06064558
chr9:44393117 T/A,6.0356693,6.3206944,0.28502512
chr9:44393416 C/T,6.0356693,6.1427894,0.10712004
chr9:44396688 C/T,6.0356693,6.069815,0.034145832
chr9:44396914 T/G,6.0356693,6.0246234,-0.011045933
chr9:44415401 G/A,6.0356693,6.035573,-9.6321106e-05
chr9:44421055 A/T,6.0356693,6.0679903,0.032320976
chr9:44422447 A/G,6.0356693,6.031179,-0.0044903755
