,ref,variant,ISM
chr9:45461104 T/A,0.01987875,0.019873431,-5.3197145e-06
chr9:45461538 G/A,0.01987875,0.019908626,2.9874966e-05
chr9:45461971 G/A,0.01987875,0.019898163,1.9412488e-05
chr9:45462049 G/A,0.01987875,0.01987957,8.1956387e-07
chr9:45462371 T/G,0.01987875,0.019937545,5.8794394e-05
chr9:45462482 T/A,0.01987875,0.019851191,-2.7559698e-05
chr9:45462512 C/A,0.01987875,0.019802291,-7.645972e-05
chr9:45462632 G/A,0.01987875,0.019894911,1.616031e-05
chr9:45462634 G/A,0.01987875,0.019748727,-0.00013002381
chr9:45462642 T/C,0.01987875,0.019889943,1.1192635e-05
chr9:45462733 C/T,0.01987875,0.019864468,-1.4282763e-05
chr9:45462739 A/G,0.01987875,0.019963,8.42493e-05
chr9:45462769 C/T,0.01987875,0.019897012,1.8261373e-05
chr9:45462974 C/T,0.01987875,0.019801313,-7.743761e-05
chr9:45463200 T/G,0.01987875,0.019847965,-3.07858e-05
chr9:45463976 G/A,0.01987875,0.01986294,-1.5810132e-05
chr9:45465010 G/A,0.01987875,0.019851774,-2.697669e-05
chr9:45465468 T/C,0.01987875,0.019928163,4.941225e-05
chr9:45466602 A/G,0.01987875,0.019980997,0.00010224618
chr9:45467343 T/C,0.01987875,0.019895209,1.6458333e-05
chr9:45468558 A/G,0.01987875,0.019956026,7.727556e-05
chr9:45469366 A/T,0.01987875,0.019908218,2.9467046e-05
chr9:45469624 A/G,0.01987875,0.020172065,0.00029331446
chr9:45469755 C/T,0.01987875,0.019879429,6.7800283e-07
chr9:45470388 T/C,0.01987875,0.019978402,9.9651515e-05
chr9:45471479 T/G,0.01987875,0.020006046,0.00012729503
chr9:45471485 G/A,0.01987875,0.019848261,-3.0489638e-05
chr9:45471508 T/C,0.01987875,0.01995519,7.643923e-05
chr9:45471713 C/T,0.01987875,0.019844918,-3.3833086e-05
chr9:45471812 A/G,0.01987875,0.020177495,0.00029874407
chr9:45471837 A/G,0.01987875,0.020057088,0.0001783371
chr9:45471887 C/T,0.01987875,0.020006848,0.00012809783
chr9:45472284 G/A,0.01987875,0.019854283,-2.4467707e-05
chr9:45472319 C/T,0.01987875,0.02011681,0.00023805909
chr9:45473600 T/C,0.01987875,0.019914707,3.5956502e-05
chr9:45474366 T/C,0.01987875,0.019893795,1.5044585e-05
chr9:45474941 T/G,0.01987875,0.019958243,7.949211e-05
