,ref,variant,ISM
chr9:45461104 T/A,0.020502422,0.02053264,3.0217692e-05
chr9:45461538 G/A,0.020502422,0.02053975,3.732741e-05
chr9:45461971 G/A,0.020502422,0.020519689,1.726672e-05
chr9:45462049 G/A,0.020502422,0.02051668,1.4258549e-05
chr9:45462371 T/G,0.020502422,0.020535063,3.2640994e-05
chr9:45462482 T/A,0.020502422,0.020499019,-3.4030527e-06
chr9:45462512 C/A,0.020502422,0.02044975,-5.267188e-05
chr9:45462632 G/A,0.020502422,0.020506697,4.2747706e-06
chr9:45462634 G/A,0.020502422,0.020434456,-6.796606e-05
chr9:45462642 T/C,0.020502422,0.020535083,3.2661483e-05
chr9:45462733 C/T,0.020502422,0.020499568,-2.8535724e-06
chr9:45462739 A/G,0.020502422,0.020560604,5.8181584e-05
chr9:45462769 C/T,0.020502422,0.020517642,1.52196735e-05
chr9:45462974 C/T,0.020502422,0.020451797,-5.0624833e-05
chr9:45463200 T/G,0.020502422,0.020464474,-3.794767e-05
chr9:45463976 G/A,0.020502422,0.020484524,-1.7898157e-05
chr9:45465010 G/A,0.020502422,0.020481095,-2.1327287e-05
chr9:45465468 T/C,0.020502422,0.020531634,2.9211864e-05
chr9:45466602 A/G,0.020502422,0.02063997,0.0001375489
chr9:45467343 T/C,0.020502422,0.020567935,6.5512955e-05
chr9:45468558 A/G,0.020502422,0.020583875,8.145347e-05
chr9:45469366 A/T,0.020502422,0.020531405,2.8982759e-05
chr9:45469624 A/G,0.020502422,0.020743158,0.00024073571
chr9:45469755 C/T,0.020502422,0.020491008,-1.14142895e-05
chr9:45470388 T/C,0.020502422,0.02061774,0.000115318224
chr9:45471479 T/G,0.020502422,0.020521805,1.9382685e-05
chr9:45471485 G/A,0.020502422,0.02042932,-7.310137e-05
chr9:45471508 T/C,0.020502422,0.02056121,5.8788806e-05
chr9:45471713 C/T,0.020502422,0.020506868,4.446134e-06
chr9:45471812 A/G,0.020502422,0.02084836,0.0003459379
chr9:45471837 A/G,0.020502422,0.020588256,8.5834414e-05
chr9:45471887 C/T,0.020502422,0.020543298,4.0875748e-05
chr9:45472284 G/A,0.020502422,0.020700132,0.00019771047
chr9:45472319 C/T,0.020502422,0.02085016,0.00034773722
chr9:45473600 T/C,0.020502422,0.020551655,4.9233437e-05
chr9:45474366 T/C,0.020502422,0.020530676,2.8254464e-05
chr9:45474941 T/G,0.020502422,0.020549871,4.7449023e-05
