,ref,variant,ISM
chr5:68831653 T/C,50.07296,50.065216,-0.0077438354
chr5:68831679 C/T,50.07296,50.090965,0.018005371
chr5:68831868 C/T,50.07296,50.083294,0.010334015
chr5:68832646 T/C,50.07296,50.06756,-0.0054016113
chr5:68832650 C/A,50.07296,50.050453,-0.022506714
chr5:68833909 G/A,50.07296,50.110474,0.037513733
chr5:68843615 C/A,50.07296,50.051,-0.021961212
chr5:68844289 T/C,50.07296,50.06939,-0.0035705566
chr5:68844545 G/A,50.07296,50.047745,-0.025215149
chr5:68844887 G/A,50.07296,50.03584,-0.03712082
chr5:68845548 C/T,50.07296,50.07571,0.0027503967
chr5:68845788 G/A,50.07296,50.062614,-0.010345459
chr5:68850198 C/G,50.07296,50.071014,-0.0019454956
chr5:68851288 G/A,50.07296,50.026474,-0.0464859
chr5:68851344 C/T,50.07296,49.96872,-0.10424042
chr5:68851541 G/A,50.07296,50.05502,-0.017940521
chr5:68851563 T/C,50.07296,50.074516,0.0015563965
chr5:68853171 A/G,50.07296,49.898636,-0.17432404
chr5:68855878 C/T,50.07296,50.53247,0.4595108
chr5:68856052 G/A,50.07296,49.58866,-0.4842987
chr5:68856116 C/T,50.07296,49.615147,-0.45781326
chr5:68856679 G/A,50.07296,50.18286,0.10990143
chr5:68857043 C/A,50.07296,50.71535,0.6423912
chr5:68857764 G/T,50.07296,50.16178,0.08882141
chr5:68857782 G/A,50.07296,50.08083,0.00786972
chr5:68858101 C/T,50.07296,50.06949,-0.0034713745
chr5:68858984 T/C,50.07296,50.0114,-0.061561584
chr5:68859027 C/T,50.07296,50.037037,-0.035923004
chr5:68859910 G/A,50.07296,50.061443,-0.011516571
chr5:68862077 T/G,50.07296,50.067657,-0.005302429
chr5:68864281 T/A,50.07296,50.091988,0.01902771
chr5:68868255 C/T,50.07296,50.00434,-0.068618774
chr5:68868893 A/C,50.07296,50.039074,-0.033885956
chr5:68868960 A/G,50.07296,50.075466,0.002506256
chr5:68868972 T/C,50.07296,50.080418,0.007457733
