,ref,variant,ISM
chr5:68831653 T/C,50.498528,50.501316,0.0027885437
chr5:68831679 C/T,50.498528,50.53489,0.036361694
chr5:68831868 C/T,50.498528,50.510506,0.011978149
chr5:68832646 T/C,50.498528,50.49453,-0.0039978027
chr5:68832650 C/A,50.498528,50.473747,-0.024780273
chr5:68833909 G/A,50.498528,50.535084,0.036556244
chr5:68843615 C/A,50.498528,50.446575,-0.051952362
chr5:68844289 T/C,50.498528,50.503315,0.004787445
chr5:68844545 G/A,50.498528,50.471523,-0.027004242
chr5:68844887 G/A,50.498528,50.446,-0.05252838
chr5:68845548 C/T,50.498528,50.473003,-0.02552414
chr5:68845788 G/A,50.498528,50.50579,0.0072631836
chr5:68850198 C/G,50.498528,50.538586,0.040058136
chr5:68851288 G/A,50.498528,50.451733,-0.04679489
chr5:68851344 C/T,50.498528,50.446182,-0.052345276
chr5:68851541 G/A,50.498528,50.446106,-0.05242157
chr5:68851563 T/C,50.498528,50.467926,-0.030601501
chr5:68853171 A/G,50.498528,50.497623,-0.00090408325
chr5:68855878 C/T,50.498528,50.93782,0.4392929
chr5:68856052 G/A,50.498528,49.478348,-1.0201797
chr5:68856116 C/T,50.498528,49.78834,-0.710186
chr5:68856679 G/A,50.498528,50.67952,0.18099213
chr5:68857043 C/A,50.498528,51.332912,0.8343849
chr5:68857764 G/T,50.498528,50.607216,0.108688354
chr5:68857782 G/A,50.498528,50.53921,0.040683746
chr5:68858101 C/T,50.498528,50.506573,0.0080451965
chr5:68858984 T/C,50.498528,50.435654,-0.06287384
chr5:68859027 C/T,50.498528,50.467415,-0.03111267
chr5:68859910 G/A,50.498528,50.479908,-0.018619537
chr5:68862077 T/G,50.498528,50.523903,0.025375366
chr5:68864281 T/A,50.498528,50.51638,0.017852783
chr5:68868255 C/T,50.498528,50.40204,-0.09648895
chr5:68868893 A/C,50.498528,50.47849,-0.020038605
chr5:68868960 A/G,50.498528,50.535664,0.037136078
chr5:68868972 T/C,50.498528,50.508595,0.010066986
