,ref,variant,ISM
chr16:14778285 G/A,0.20523772,0.20557208,0.00033436716
chr16:14779153 C/T,0.20523772,0.20578787,0.0005501509
chr16:14779389 G/T,0.20523772,0.20573203,0.0004943162
chr16:14779519 T/C,0.20523772,0.2060262,0.00078848004
chr16:14780081 G/T,0.20523772,0.20468843,-0.0005492866
chr16:14780311 T/C,0.20523772,0.20511681,-0.00012090802
chr16:14780998 A/C,0.20523772,0.2042621,-0.0009756237
chr16:14781153 T/A,0.20523772,0.20526475,2.7030706e-05
chr16:14781235 G/C,0.20523772,0.20548336,0.00024564564
chr16:14781307 C/T,0.20523772,0.20599476,0.0007570386
chr16:14781406 G/A,0.20523772,0.20425804,-0.0009796768
chr16:14781544 C/G,0.20523772,0.20596,0.0007222891
chr16:14781602 T/C,0.20523772,0.20598696,0.0007492453
chr16:14821010 C/T,0.20523772,0.20527254,3.4824014e-05
