,ref,variant,ISM
chr7:102160268 C/A,0.5470451,0.5486941,0.0016489625
chr7:102160281 T/C,0.5470451,0.54599947,-0.0010456443
chr7:102160958 C/T,0.5470451,0.5477323,0.00068718195
chr7:102160968 C/T,0.5470451,0.5481729,0.0011277795
chr7:102168079 T/G,0.5470451,0.5420413,-0.00500381
chr7:102172062 A/G,0.5470451,0.54448295,-0.0025621653
chr7:102175708 A/G,0.5470451,0.55335134,0.006306231
chr7:102175733 T/A,0.5470451,0.54775095,0.0007058382
chr7:102175762 C/T,0.5470451,0.52617484,-0.020870268
chr7:102180473 C/T,0.5470451,0.5360982,-0.010946929
chr7:102206324 A/G,0.5470451,0.54694676,-9.8347664e-05
