,ref,variant,ISM
chr7:102160268 C/A,0.4987411,0.4995209,0.00077980757
chr7:102160281 T/C,0.4987411,0.49854708,-0.00019401312
chr7:102160958 C/T,0.4987411,0.49905366,0.00031256676
chr7:102160968 C/T,0.4987411,0.4990581,0.0003170073
chr7:102168079 T/G,0.4987411,0.49640578,-0.00233531
chr7:102172062 A/G,0.4987411,0.4979786,-0.0007624924
chr7:102175708 A/G,0.4987411,0.5000923,0.0013512373
chr7:102175733 T/A,0.4987411,0.5002413,0.0015001893
chr7:102175762 C/T,0.4987411,0.48964208,-0.009099007
chr7:102180473 C/T,0.4987411,0.4943334,-0.004407704
chr7:102206324 A/G,0.4987411,0.49949184,0.0007507503
